{
    "Portugal" : {
        "coords" : [38.74, -9.19],
        "data"   : [1097.8542, 1215.68536, 212.30372, 9.34344, 11.6793, 7.52666]
    },
    "España" : {
        "coords" : [40.43, -3.81],
        "data"   : [6764.30623, 5457.73645, 1220.28687, 1220.28687, 0, 95.8699]
    },
    "Francia" : {
        "coords" : [48.85,  2.27],
        "data"   : [9031.17528, 2670.86664, 2220.8994, 189.53604, 0, 328.43268]
    },
    "Reino Unido" : {
        "coords" : [51.52, -0.24],
        "data"   : [3788.4608, 1782.3664, 1589.21456, 149.152, 0, 147.66048]
    },
    "Irlanda" : {
        "coords" : [53.32, -6.38],
        "data"   : [1618.12816, 129.15298, 194.23162, 18.88084, 0, 47.60382]
    },
    "Italia" : {
        "coords" : [41.90, 12.39],
        "data"   : [5473.3586, 5219.1855, 1059.87715, 250.47155, 0, 259.1085]
    },
    "Luxemburgo" : {
      "coords" : [49.81,  5.85],
      "data"   : [55.91466, 14.8446, 175.33122, 22.10196, 0, 1381.04262]
    },
    "Grecia": {
      "coords" : [37.99, 23.70],
      "data"   : [2774.49396, 3067.5918, 254.5977, 63.95991, 0, 29.18559]
    },
    "Chipre": {
      "coords" : [35.16, 32.87],
      "data"   : [82.90574, 62.35211, 36.65499, 13.8244, 0.08132, 7.50177]
    },
    "Bulgaria": {
      "coords" : [42.69, 23.25],
      "data"   : [1110.9065, 1422.0695, 120.098, 30.0245, 30.0245, 16.377]
    },
    "Rumanía": {
      "coords" : [44.43, 26.02],
      "data"   : [2987.866, 3392.5682, 77.1484, 23.5368, 29.421, 18.9602]
    },
    "Hungría": {
      "coords" : [47.48, 18.99],
      "data"   : [1791.17962, 3693.25251, 81.62195, 42.21825, 6.19201, 14.63566]
    },
    "Croacia": {
      "coords" : [45.84, 15.89],
      "data"   : [257.98282, 222.61372, 32.46702, 18.7426, 46.37282, 8.82716]
    },
    "Eslovenia" : {
      "coords" : [46.14, 14.99],
      "data"   : [191.26965, 624.46956, 76.22589, 19.45593, 1.40985, 8.74107]
    },
    "Austria": {
      "coords" : [48.22, 16.31],
      "data"   : [1144.8297, 262.7478, 307.07532, 49.86846, 0, 22.87872]
    },
    "Alemania": {
      "coords" : [52.50, 13.28],
      "data"   : [6040.79505, 2703.76515, 1913.01021, 147.57822, 0, 207.05004]
    },
    "Dinamarca" : {
      "coords" : [55.67, 12.49],
      "data"   : [1073.99436, 102.72192, 285.54248, 12.68738, 0, 53.501]
    },
    "Holanda": {
      "coords" : [52.07,  4.03],
      "data"   : [915.3696, 196.28544, 962.5536, 186.61272, 0, 98.37864]
    },
    "Bélgica": {
      "coords" : [50.83,  4.29],
      "data"   : [656.95455, 412.24767, 1155.40578, 202.99548, 0, 4521.51576]
    },
    "Polonia": {
      "coords" : [52.23, 20.92],
      "data"   : [5078.59754, 7985.23306, 166.97125, 68.12427, 26.7154, 29.38694]
    },
    "Lituania": {
      "coords" : [54.70, 25.11],
      "data"   : [528.33756, 197.89632, 98.94816, 41.31612, 0.35088, 10.26324]
    },
    "Letonia": {
      "coords" : [56.97, 23.99],
      "data"   : [253.64544, 662.97264, 47.90208, 7.55832, 0.19632, 9.3252]
    },
    "Estonia": {
      "coords" : [59.42, 24.66],
      "data"   : [181.64304, 154.77722, 53.37756, 43.55184, 0.61964, 8.6307]
    },
    "Finlandia": {
      "coords" : [60.16, 24.90],
      "data"   : [960.393, 106.799, 208.411, 21.546, 0, 30.191]
    },
    "Suecia": {
      "coords" : [59.32, 17.84],
      "data"   : [903.95643, 140.01858, 298.53018, 90.55709, 0, 34.63772]
    },
    "Rep. Checa": {
      "coords" : [50.05, 14.32],
      "data"   : [705.16692, 3593.681, 64.34484, 3.93948, 0.43772, 9.19212]
    },
    "Eslovaquia" : {
      "coords" : [48.13, 16.97],
      "data"   : [566.56916, 3086.43872, 61.6242, 8.96352, 0.37348, 10.83092]
    }
}
